name,born,height,weight,position,games_played,goals,assists,plus_minus,penalty_minutes,salary
Spencer Abbott,1988,69,170,LW,1,0,0,0,0,$575'000.00
Justin Abdelkader,1987,74,218,LW,64,7,14,-20,50,$5'500'000.00
Pontus Aberg,1993,71,196,LW,15,1,1,-2,4,$842'500.00
Noel Acciari,1991,70,208,C,29,2,3,3,16,$892'500.00
Kenny Agostino,1992,72,202,LW,7,1,2,0,2,$625'000.00
Sebastian Aho,1997,71,172,RW,82,24,25,-1,26,$925'000.00
Karl Alzner,1988,75,219,D,82,3,10,23,28,$2'800'000.00
Josh Anderson,1994,75,221,RW,78,17,12,12,89,$700'000.00
Rasmus Andersson,1996,73,214,D,1,0,0,-1,0,$742'500.00
Andy Andreoff,1991,73,210,LW,36,0,2,-2,70,$600'000.00
Sven Andrighetto,1993,70,188,RW,46,7,17,1,12,$650'000.00
Artem Anisimov,1988,76,198,C,64,22,23,9,30,$5'750'000.00
Josh Archibald,1992,70,176,RW,10,3,0,3,4,$667'500.00
Joel Armia,1993,75,205,RW,57,10,9,-8,20,$875'000.00
Viktor Arvidsson,1993,69,180,LW,80,31,30,16,28,$640'000.00
Andreas Athanasiou,1994,74,188,C,64,18,11,-7,28,$575'000.00
Cam Atkinson,1989,68,182,RW,82,35,27,13,22,$3'500'000.00
Brady Austin,1993,76,230,D,5,0,0,0,4,$635'000.00
Yohann Auvitu,1989,71,191,D,25,2,2,1,2,$792'500.00
David Backes,1984,75,221,RW,74,17,21,2,69,$8'000'000.00
Mikael Backlund,1989,73,199,C,81,22,31,9,36,$3'575'000.00
Nicklas Backstrom,1987,73,213,C,82,23,63,17,38,$7'000'000.00
Sven Baertschi,1992,71,192,LW,68,18,17,-6,8,$1'700'000.00
Casey Bailey,1991,75,195,RW,7,0,0,-1,0,$874'125.00
Josh Bailey,1989,73,210,RW,82,13,43,5,12,$3'700'000.00
Justin Bailey,1995,75,214,RW,32,2,2,0,4,$692'500.00
Nicholas Baptiste,1995,73,206,RW,14,3,1,1,6,$740'000.00
Ivan Barbashev,1995,72,180,C,30,5,7,5,2,$742'500.00
Riley Barber,1994,72,193,RW,3,0,0,0,0,$667'500.00
Mark Barberio,1990,73,207,D,60,2,11,-5,14,$800'000.00
Aleksander Barkov,1995,75,213,C,61,21,31,13,10,$4'500'000.00
Tyson Barrie,1991,70,190,D,74,7,31,-34,18,$5'000'000.00
Matt Bartkowski,1988,73,196,D,24,1,1,-4,26,$575'000.00
Mathew Barzal,1997,72,182,C,2,0,0,-2,6,$925'000.00
Cody Bass,1987,72,205,C,9,0,0,-1,19,$575'000.00
Jay Beagle,1985,75,215,C,81,13,17,20,22,$1'750'000.00
Francois Beauchemin,1980,73,208,D,81,5,13,-14,32,$4'500'000.00
Nathan Beaulieu,1992,74,205,D,74,4,24,8,44,$1'000'000.00
Anthony Beauvillier,1997,71,170,C,66,9,15,1,10,$925'000.00
Taylor Beck,1991,74,203,LW,5,0,0,-3,4,$650'000.00
Matt Beleskey,1988,72,203,LW,49,3,5,-10,47,$4'000'000.00
Pierre-Edouard Bellemare,1985,72,198,LW,82,4,4,-1,20,$725'000.00
Jamie Benn,1989,74,210,LW,77,26,43,-9,66,$5'750'000.00
Jordie Benn,1987,74,200,D,71,4,13,-4,28,$1'100'000.00
Beau Bennett,1991,74,195,RW,65,8,11,-3,20,$725'000.00
Sam Bennett,1996,73,186,C,81,13,13,-16,75,$925'000.00
Matthew Benning,1994,73,195,D,62,3,12,8,29,$925'000.00
Patrice Bergeron,1985,73,195,C,79,21,32,12,24,$8'750'000.00
Patrik Berglund,1988,76,223,C,82,23,11,-7,32,$3'700'000.00
Christoph Bertschy,1994,70,186,C,5,0,1,0,4,$742'500.00
Tyler Bertuzzi,1995,72,198,LW,7,0,0,-1,0,$667'500.00
Bryan Bickell,1986,76,223,LW,11,1,0,-4,4,
Alex Biega,1988,70,193,D,36,0,3,-4,18,$700'000.00
Kevin Bieksa,1981,73,200,D,81,3,11,0,63,$4'000'000.00
Anthony Bitetto,1990,73,210,D,29,0,7,-1,25,$575'000.00
Oliver Bjorkstrand,1995,72,175,RW,26,6,7,4,6,$600'000.00
Nick Bjugstad,1992,78,218,C,54,7,7,-19,22,$3'350'000.00
Joseph Blandisi,1994,72,200,LW,27,3,6,-10,26,$715'000.00
Anton Blidh,1995,72,201,LW,19,1,1,-2,7,$792'500.00
Mike Blunden,1986,76,217,RW,2,0,0,0,4,$725'000.00
Mikkel Boedker,1989,72,210,LW,81,10,16,0,10,$5'200'000.00
Brock Boeser,1997,73,191,RW,9,4,1,0,0,$925'000.00
Zach Bogosian,1990,75,228,D,56,2,9,-17,46,$5'250'000.00
Jared Boll,1986,75,209,RW,51,0,3,-3,87,$900'000.00
Nick Bonino,1988,73,196,C,80,18,19,-5,16,$2'100'000.00
Mark Borowiecki,1989,73,216,D,70,1,2,-3,154,$1'100'000.00
Robert Bortuzzo,1989,76,221,D,38,1,3,11,15,$1'050'000.00
Reid Boucher,1993,70,195,C,39,6,4,-6,8,$715'000.00
Lance Bouma,1990,74,208,C,61,3,4,-2,35,$2'200'000.00
Michael Bournival,1992,71,198,LW,19,2,1,-3,2,$575'000.00
Gabriel Bourque,1990,70,206,LW,6,0,0,0,0,$800'000.00
Rene Bourque,1981,74,217,RW,65,12,6,-19,56,$650'000.00
Jay Bouwmeester,1983,76,221,D,81,1,14,6,28,$5'600'000.00
Johnny Boychuk,1984,74,227,D,66,6,17,11,19,$7'000'000.00
Brian Boyle,1984,78,244,C,75,13,12,3,66,$2'000'000.00
Tyler Bozak,1986,73,195,C,78,18,37,-1,30,$4'500'000.00
Derick Brassard,1987,73,204,C,81,14,25,12,24,$5'000'000.00
Justin Braun,1987,74,205,D,81,4,9,1,28,$3'800'000.00
T.J. Brodie,1990,73,182,D,82,6,30,-16,24,$4'838'000.00
Jonas Brodin,1993,73,193,D,68,3,22,5,20,$4'000'000.00
Kyle Brodziak,1984,74,212,C,69,8,7,2,27,$1'000'000.00
Jonny Brodzinski,1993,73,218,C,6,0,2,2,2,$925'000.00
Troy Brouwer,1985,75,215,RW,74,13,12,-11,31,$4'500'000.00
Connor Brown,1994,72,185,RW,82,20,16,3,10,$650'000.00
Dustin Brown,1984,72,216,RW,80,14,22,-4,22,$7'000'000.00
J.T. Brown,1990,70,169,RW,64,3,3,-7,73,$1'250'000.00
Patrick Brown,1992,73,210,C,14,0,0,-6,0,$650'000.00
Pavel Buchnevich,1995,74,193,RW,41,8,12,6,13,$925'000.00
Andre Burakovsky,1995,75,205,LW,64,12,23,13,14,$832'500.00
Erik Burgdoerfer,1988,73,207,D,2,0,0,-1,0,$575'000.00
Alex Burmistrov,1991,73,180,C,49,5,11,-7,12,$1'600'000.00
Brent Burns,1985,77,230,D,82,29,47,19,40,$5'760'000.00
Alex Burrows,1981,73,197,LW,75,15,16,3,62,$3'000'000.00
Chris Butler,1986,73,196,D,1,0,0,0,0,$600'000.00
Dustin Byfuglien,1985,77,260,D,80,13,39,10,117,$8'000'000.00
Paul Byron,1989,69,160,LW,81,22,21,21,29,$1'300'000.00
Drake Caggiula,1994,70,185,LW,60,7,11,3,16,$925'000.00
Mitch Callahan,1991,72,190,RW,4,0,0,0,0,$600'000.00
Ryan Callahan,1985,70,187,RW,18,2,2,-4,23,$6'500'000.00
Matt Calvert,1989,71,188,LW,65,10,5,-4,48,$2'200'000.00
Mike Cammalleri,1982,69,185,LW,61,10,21,-9,21,$5'000'000.00
Brian Campbell,1979,70,192,D,80,5,12,12,24,$1'500'000.00
Patrick Cannone,1986,71,197,C,3,0,0,0,0,$600'000.00
Paul Carey,1988,73,198,C,6,0,0,-2,0,$575'000.00
Matt Carle,1984,72,197,D,6,0,1,-1,0,
Brandon Carlo,1996,77,203,D,82,6,10,9,59,$717'500.00
John Carlson,1990,75,215,D,72,9,28,7,10,$4'000'000.00
Gabriel Carlsson,1997,76,191,D,2,0,1,-2,0,$925'000.00
Ryan Carpenter,1991,72,195,C,11,2,2,5,4,$600'000.00
Daniel Carr,1991,72,188,LW,33,2,7,4,6,$725'000.00
Connor Carrick,1994,71,195,D,67,2,6,8,51,$650'000.00
Alex Carrier,1996,71,174,D,2,0,0,1,0,$640'000.00
William Carrier,1994,74,212,LW,41,5,3,-1,21,$650'000.00
Jeff Carter,1985,75,217,C,82,32,34,2,41,$7'000'000.00
Cody Ceci,1993,74,207,D,79,2,15,-11,20,$2'250'000.00
Peter Cehlarik,1995,74,202,LW,11,0,2,0,0,$692'500.00
Thomas Chabot,1997,74,190,D,1,0,0,-2,0,$925'000.00
Michael Chaput,1992,74,204,C,68,4,5,-12,29,$600'000.00
Zdeno Chara,1977,81,250,D,75,9,19,18,59,$5'000'000.00
Ben Chiarot,1991,75,219,D,59,2,10,2,33,$850'000.00
Alex Chiasson,1990,76,208,RW,81,12,12,-6,46,$800'000.00
Jason Chimera,1979,75,216,LW,82,20,13,1,40,$2'000'000.00
Taylor Chorney,1987,72,191,D,18,1,4,8,11,$775'000.00
Jakob Chychrun,1998,75,200,D,68,7,13,-14,47,$925'000.00
Casey Cizikas,1991,71,201,C,59,8,17,9,30,$2'500'000.00
Fredrik Claesson,1992,73,200,D,33,3,8,5,4,$700'000.00
Adam Clendening,1992,72,196,D,31,2,9,3,17,$600'000.00
Kyle Clifford,1991,74,211,LW,73,6,6,-2,92,$1'250'000.00
Cal Clutterbuck,1987,71,218,RW,66,5,15,2,28,$3'500'000.00
Braydon Coburn,1985,77,223,D,80,5,7,-1,50,$3'700'000.00
Andrew Cogliano,1987,70,184,LW,82,16,19,11,26,$3'100'000.00
Joe Colborne,1990,77,221,C,62,4,4,-21,34,$2'500'000.00
Ian Cole,1989,73,219,D,81,5,21,26,72,$2'300'000.00
Blake Coleman,1991,71,200,C,23,1,1,-7,27,$692'500.00
Blake Comeau,1986,73,202,LW,77,8,12,-19,58,$2'400'000.00
J.T. Compher,1995,72,193,LW,21,3,2,0,4,$925'000.00
Cory Conacher,1989,68,180,C,11,1,3,0,4,$575'000.00
Erik Condra,1986,71,188,RW,13,0,0,-4,4,$1'250'000.00
Kevin Connauton,1990,74,205,D,24,0,1,-1,24,$950'000.00
Brett Connolly,1992,75,194,RW,66,15,8,20,40,$850'000.00
Kyle Connor,1996,73,182,LW,20,2,3,-7,4,$925'000.00
Andrew Copp,1994,73,206,C,64,9,8,8,18,$925'000.00
Frank Corrado,1993,72,205,D,4,0,0,-1,8,$600'000.00
Nick Cousins,1993,70,188,C,60,6,10,-6,31,$840'000.00
Logan Couture,1989,73,200,C,73,25,27,11,12,$6'000'000.00
Sean Couturier,1992,75,211,C,66,14,20,12,33,$3'750'000.00
Charlie Coyle,1992,75,221,C,82,18,38,13,36,$2'600'000.00
Adam Cracknell,1985,75,220,RW,69,10,6,9,12,$600'000.00
Joseph Cramarossa,1992,72,192,C,59,4,6,0,60,$724'500.00
Sidney Crosby,1987,71,200,C,75,44,45,17,24,$10'900'000.00
Lawson Crouse,1997,76,220,LW,72,5,7,-20,48,$925'000.00
Matt Cullen,1976,73,200,C,72,13,18,4,30,$1'000'000.00
Austin Czarnik,1992,69,160,C,49,5,8,-10,12,$842'500.00
Klas Dahlbeck,1991,75,207,D,43,2,4,-12,30,$750'000.00
Trevor Daley,1983,71,195,D,56,5,14,7,37,$2'700'000.00
Zac Dalpe,1989,74,199,C,9,1,2,0,9,$600'000.00
Phillip Danault,1993,73,193,LW,82,13,27,5,35,$875'000.00
Marko Dano,1994,71,212,C,38,4,7,0,10,$925'000.00
Laurent Dauphin,1995,73,180,C,24,2,1,-2,12,$767'500.00
Brandon Davidson,1991,74,210,D,38,0,3,-2,20,$1'300'000.00
Calvin de Haan,1991,73,197,D,82,5,20,15,36,$2'900'000.00
Jacob De la Rose,1995,75,214,LW,9,0,0,-3,4,$925'000.00
Jean-Sebastien Dea,1994,71,175,C,1,0,0,0,2,$575'000.00
Anthony Deangelo,1995,71,183,D,39,5,9,-13,37,$925'000.00
Danny DeKeyser,1990,75,192,D,82,4,8,-22,33,$4'000'000.00
Michael Del Zotto,1990,72,195,D,51,6,12,-5,28,$4'000'000.00
Dylan Demelo,1993,73,195,D,25,1,7,2,14,$600'000.00
Jason Demers,1988,73,200,D,81,9,19,-14,53,$5'500'000.00
David Desharnais,1986,67,176,C,49,6,8,4,12,$3'500'000.00
Andrew Desjardins,1986,73,195,LW,46,0,1,-6,22,$800'000.00
Nicolas Deslauriers,1991,73,216,LW,42,0,2,-6,38,$775'000.00
Simon Despres,1991,76,218,D,1,0,0,0,0,$2'600'000.00
Phillip Di Giuseppe,1993,72,200,LW,36,1,6,-12,15,$867'500.00
Jason Dickinson,1995,74,205,C,10,2,0,-3,0,$925'000.00
Chris Didomenico,1989,71,174,C,3,0,0,0,6,$575'000.00
Brenden Dillon,1990,76,230,D,81,2,8,-2,60,$2'750'000.00
Shane Doan,1976,73,223,RW,74,6,21,-3,48,$3'876'134.00
Max Domi,1995,70,198,LW,59,9,29,-9,40,$832'500.00
Joonas Donskoi,1992,72,190,RW,61,6,11,-5,10,$925'000.00
Derek Dorsett,1986,72,192,RW,14,1,3,-6,33,$2'500'000.00
Jake Dotchin,1994,75,210,D,35,0,11,10,35,$615'000.00
Drew Doughty,1989,73,195,D,82,12,32,8,46,$7'450'000.00
Nic Dowd,1990,74,196,C,70,6,16,-15,25,$630'000.00
Justin Dowling,1990,70,185,C,9,0,2,0,2,$625'000.00
Leon Draisaitl,1995,73,216,C,82,29,48,7,20,$925'000.00
Jonathan Drouin,1995,71,188,LW,73,21,32,-13,16,$832'500.00
Brandon Dubinsky,1986,74,218,C,80,12,29,16,91,$5'850'000.00
Matt Duchene,1991,71,195,C,77,18,23,-34,12,$6'000'000.00
Anthony Duclair,1995,71,185,LW,58,5,10,-7,14,$832'500.00
Matt Dumba,1994,72,183,D,76,11,23,15,59,$2'350'000.00
Gabriel Dumont,1990,70,190,C,39,2,2,1,29,$575'000.00
Brian Dumoulin,1991,76,207,D,70,1,14,0,14,$800'000.00
Christian Dvorak,1996,72,187,C,78,15,18,7,22,$792'500.00
Ryan Dzingel,1992,72,187,LW,81,14,18,7,30,$750'000.00
Cody Eakin,1991,72,190,C,60,3,9,-7,49,$3'850'000.00
Patrick Eaves,1984,72,200,RW,79,32,19,-2,24,$1'000'000.00
Jordan Eberle,1990,71,184,RW,82,20,31,3,16,$6'000'000.00
Alex Edler,1986,75,214,D,68,6,15,-20,36,$6'000'000.00
Joel Edmundson,1993,76,220,D,69,3,12,11,60,$900'000.00
Nikolaj Ehlers,1996,72,172,LW,82,25,39,1,38,$925'000.00
Jack Eichel,1996,74,196,C,61,24,33,-13,22,$925'000.00
Aaron Ekblad,1996,76,216,D,68,10,11,-23,58,$925'000.00
Mattias Ekholm,1990,76,215,D,82,3,20,4,34,$3'000'000.00
Oliver Ekman-Larsson,1991,74,200,D,79,12,27,-25,48,$6'000'000.00
Remi Elie,1995,73,210,LW,18,1,6,5,8,$767'500.00
Lars Eller,1989,74,207,C,81,12,13,15,36,$4'250'000.00
Ryan Ellis,1991,70,180,D,71,16,22,17,29,$2'500'000.00
Alexei Emelin,1986,74,218,D,76,2,8,1,71,$4'200'000.00
Deryk Engelland,1982,74,214,D,81,4,12,2,85,$2'750'000.00
Andreas Englund,1996,75,189,D,5,0,0,-3,2,$742'500.00
Tyler Ennis,1989,69,175,LW,51,5,8,-10,12,$3'650'000.00
Tobias Enstrom,1984,70,180,D,60,1,13,-7,42,$5'750'000.00
Jonathan Ericsson,1984,76,220,D,51,1,8,-2,63,$4'250'000.00
Loui Eriksson,1985,74,196,LW,65,11,13,-9,8,$8'000'000.00
Joel Eriksson Ek,1997,74,197,C,15,3,4,1,4,$925'000.00
Adam Erne,1995,73,214,LW,26,3,0,-9,11,$925'000.00
Emerson Etem,1992,73,212,LW,3,0,0,1,2,$775'000.00
Robby Fabbri,1996,70,195,C,51,11,18,-16,27,$925'000.00
Radek Faksa,1994,75,210,C,80,12,21,-6,67,$832'500.00
Justin Falk,1988,77,222,D,52,0,8,-3,29,$650'000.00
Bobby Farnham,1989,70,190,RW,3,0,0,0,17,$575'000.00
Hudson Fasching,1995,74,209,RW,10,0,1,-1,2,$925'000.00
Jesper Fast,1991,72,190,RW,68,6,15,6,16,$1'000'000.00
Justin Faulk,1992,72,215,D,75,17,20,-18,32,$5'500'000.00
Mark Fayne,1987,75,212,D,4,0,2,1,0,$3'500'000.00
Taylor Fedun,1988,73,198,D,27,0,7,3,16,$600'000.00
Eric Fehr,1985,76,212,C,53,6,5,2,14,$2'000'000.00
Micheal Ferland,1992,74,208,LW,76,15,10,-1,50,$900'000.00
Kevin Fiala,1996,70,193,LW,54,11,5,1,18,$925'000.00
Vernon Fiddler,1980,71,205,C,59,2,2,-15,66,$1'250'000.00
Valtteri Filppula,1984,72,196,C,79,12,30,-1,26,$5'000'000.00
Christian Fischer,1997,74,214,RW,7,3,0,0,0,$817'500.00
Mike Fisher,1980,73,216,C,72,18,24,1,55,$4'000'000.00
Brian Flynn,1988,73,183,C,51,6,4,2,4,$950'000.00
Marcus Foligno,1991,75,228,LW,80,13,10,-1,73,$2'250'000.00
Nick Foligno,1987,72,205,LW,79,26,25,-4,55,$5'500'000.00
Christian Folin,1991,75,204,D,51,2,6,10,26,$850'000.00
Derek Forbort,1992,76,216,D,82,2,16,8,54,$650'000.00
Jakob Forsbacka Karlsson,1996,73,184,C,1,0,0,0,0,$900'000.00
Filip Forsberg,1994,73,205,LW,82,31,27,-4,32,$6'000'000.00
Gustav Forsling,1996,72,186,D,38,2,3,3,4,$767'500.00
Cam Fowler,1991,73,207,D,80,11,28,7,20,$4'000'000.00
Cody Franson,1987,77,224,D,68,3,16,-5,34,$2'650'000.00
Martin Frk,1993,73,194,RW,2,0,0,-3,0,$650'000.00
Byron Froese,1991,72,205,C,6,0,0,-3,5,$575'000.00
Michael Frolik,1988,73,194,RW,82,17,27,13,58,$5'000'000.00
Marian Gaborik,1982,73,205,RW,56,10,11,-4,18,$6'075'000.00
Kurtis Gabriel,1993,76,211,RW,13,0,1,0,29,$725'000.00
Sam Gagner,1989,71,200,C,81,18,32,10,22,$650'000.00
Alex Galchenyuk,1994,73,210,C,61,17,27,-5,24,$3'100'000.00
Brendan Gallagher,1992,69,182,RW,64,10,19,7,39,$4'500'000.00
Ryan Garbutt,1985,72,195,C,27,2,1,-3,20,$2'000'000.00
Jake Gardiner,1990,74,200,D,82,9,34,24,34,$4'050'000.00
Jason Garrison,1984,73,218,D,70,1,8,-8,14,$3'600'000.00
Tyler Gaudet,1993,75,205,C,4,0,1,0,0,$874'125.00
Frederick Gaudreau,1993,72,179,C,9,0,1,1,0,$595'000.00
Johnny Gaudreau,1993,69,157,LW,72,18,43,-7,4,$6'750'000.00
Brendan Gaunce,1994,74,217,C,57,0,5,-2,33,$832'500.00
Cameron Gaunce,1990,73,210,D,12,1,3,1,13,$575'000.00
Frederik Gauthier,1995,77,235,C,21,2,1,2,23,$832'500.00
Luke Gazdic,1989,76,225,LW,11,0,0,-2,12,$700'000.00
Eric Gelinas,1991,76,215,D,27,0,1,-4,12,$1'650'000.00
Ryan Getzlaf,1985,76,221,C,74,15,58,7,49,$9'250'000.00
Tom Gilbert,1983,74,210,D,18,1,4,-4,6,$1'400'000.00
Brian Gionta,1979,67,178,RW,82,15,20,-11,22,$3'250'000.00
Stephen Gionta,1983,67,175,RW,26,1,5,9,2,$575'000.00
Mark Giordano,1983,72,198,D,81,12,27,22,59,$6'750'000.00
Dan Girardi,1984,73,212,D,63,4,11,8,16,$6'000'000.00
Zemgus Girgensons,1994,74,200,C,75,7,9,-7,18,$1'150'000.00
Claude Giroux,1988,71,185,C,82,14,44,-15,38,$9'000'000.00
Tanner Glass,1983,73,213,LW,11,1,1,0,17,$1'000'000.00
Luke Glendening,1989,71,199,C,74,3,11,-10,26,$675'000.00
Nikolay Goldobin,1995,71,185,RW,14,3,0,0,0,$925'000.00
Alex Goligoski,1985,71,185,D,82,6,30,-9,28,$5'375'000.00
Cody Goloubef,1989,73,200,D,33,0,5,-11,25,$800'000.00
Barclay Goodrow,1993,74,215,RW,3,0,1,0,0,$635'000.00
Boyd Gordon,1983,72,200,C,13,1,0,-5,2,$950'000.00
Josh Gorges,1984,73,204,D,66,1,5,-3,50,$3'900'000.00
Shayne Gostisbehere,1993,71,180,D,76,7,32,-21,32,$925'000.00
Yanni Gourde,1991,69,172,C,20,6,2,-1,8,$575'000.00
Michael Grabner,1987,73,185,RW,76,27,13,22,10,$1'650'000.00
Petter Granberg,1992,75,200,D,10,0,0,0,10,$575'000.00
Markus Granlund,1993,72,183,C,69,19,13,-19,14,$850'000.00
Mikael Granlund,1992,70,184,C,81,26,43,23,12,$3'200'000.00
Derek Grant,1990,75,212,C,46,0,4,-5,24,$650'000.00
Tyler Graovac,1993,77,212,C,52,7,2,7,10,$600'000.00
Kevin Gravel,1992,76,212,D,49,1,6,3,6,$667'500.00
Mike Green,1985,73,207,D,72,14,22,-20,40,$6'000'000.00
Andy Greene,1982,71,190,D,66,4,9,-16,8,$5'000'000.00
Matt Greene,1983,75,236,D,26,1,1,3,19,$2'500'000.00
A.J. Greer,1996,75,204,LW,5,0,1,-2,4,$725'000.00
Alex Grenier,1991,77,200,RW,3,0,0,-1,0,$600'000.00
Seth Griffith,1993,69,191,C,24,0,5,6,8,$625'000.00
Mikhail Grigorenko,1994,75,209,C,75,10,13,-14,18,$1'300'000.00
Rocco Grimaldi,1993,66,180,C,4,0,1,-3,2,$925'000.00
Nicklas Grossmann,1985,76,230,D,3,0,0,-4,2,
Eric Gryba,1988,76,225,D,40,2,4,-5,65,$950'000.00
Matt Grzelcyk,1994,69,174,D,2,0,0,0,2,$792'500.00
Radko Gudas,1990,72,204,D,67,6,17,8,93,$4'000'000.00
Erik Gudbranson,1992,77,220,D,30,1,5,-14,18,$3'500'000.00
Jake Guentzel,1994,71,180,C,40,16,17,7,10,$667'500.00
Brendan Guhle,1997,73,186,D,3,0,0,1,0,$667'500.00
Carl Gunnarsson,1986,74,197,D,56,0,6,-5,4,$2'900'000.00
Denis Gurianov,1997,75,200,RW,1,0,0,-1,0,
Carl Hagelin,1988,71,186,LW,61,6,16,10,16,$3'667'000.00
Robert Hagg,1995,74,204,D,1,0,0,0,0,$925'000.00
Ron Hainsey,1981,75,210,D,72,4,13,-8,21,$2'500'000.00
Micheal Haley,1986,71,205,C,58,2,10,6,128,$625'000.00
Taylor Hall,1991,73,201,LW,72,20,33,-9,32,$6'000'000.00
Dan Hamhuis,1982,73,200,D,79,1,15,-7,23,$4'500'000.00
Dougie Hamilton,1993,78,210,D,81,13,37,12,64,$5'500'000.00
Freddie Hamilton,1992,73,195,C,26,2,0,-3,8,$575'000.00
Travis Hamonic,1990,74,205,D,49,3,11,-21,60,$4'875'000.00
Noah Hanifin,1997,75,206,D,81,4,25,-19,26,$925'000.00
Joel Hanley,1991,72,193,D,7,0,0,-3,4,$600'000.00
Markus Hannikainen,1993,74,195,LW,10,1,1,0,6,$742'500.00
Jannik Hansen,1986,73,194,RW,43,8,12,2,34,$3'000'000.00
Martin Hanzal,1987,78,226,C,71,20,19,-17,53,$3'500'000.00
Shane Harper,1989,71,193,RW,14,2,1,-1,18,$650'000.00
Ben Harpur,1995,78,222,D,6,0,0,-1,0,$655'000.00
Scott Harrington,1993,74,219,D,22,1,2,3,10,$632'500.00
Ryan Hartman,1994,72,181,LW,76,19,12,13,70,$832'500.00
Scott Hartnell,1982,74,215,LW,78,13,24,14,63,$5'000'000.00
Garnet Hathaway,1991,74,208,RW,26,1,4,0,44,$722'500.00
Erik Haula,1991,72,193,C,72,15,11,5,28,$1'050'000.00
John Hayden,1995,75,223,LW,12,1,3,3,4,$925'000.00
Jimmy Hayes,1989,77,215,RW,58,2,3,-3,29,$2'300'000.00
Kevin Hayes,1992,77,215,C,76,17,32,10,18,$2'600'000.00
Victor Hedman,1990,78,223,D,79,16,56,3,47,$4'250'000.00
Tim Heed,1991,71,165,D,1,0,0,0,0,$775'000.00
Danton Heinen,1995,73,185,C,8,0,0,-3,2,$767'500.00
Seth Helgeson,1990,76,210,D,9,1,0,2,15,$600'000.00
Darren Helm,1987,72,196,C,50,8,9,-6,20,$5'000'000.00
Ales Hemsky,1983,72,185,RW,15,4,3,-1,0,$4'000'000.00
Matt Hendricks,1981,72,209,LW,42,4,3,-3,29,$1'850'000.00
Samuel Henley,1993,76,210,C,1,1,0,1,2,$590'000.00
Adam Henrique,1990,72,195,C,82,20,20,-20,38,$4'500'000.00
Tomas Hertl,1993,74,215,C,49,10,12,-8,14,$2'800'000.00
Thomas Hickey,1989,72,189,D,76,4,16,-1,35,$2'250'000.00
Vinnie Hinostroza,1994,69,173,LW,49,6,8,-1,17,$667'500.00
Niklas Hjalmarsson,1987,75,197,D,73,5,13,12,20,$4'100'000.00
Joshua Ho-Sang,1996,72,173,RW,21,4,6,1,12,$925'000.00
Mike Hoffman,1989,72,180,LW,74,26,35,17,51,$3'800'000.00
Nick Holden,1987,76,214,D,80,11,23,13,35,$1'650'000.00
Peter Holland,1991,74,200,C,48,5,7,-16,22,$1'300'000.00
Korbinian Holzer,1988,75,215,D,32,2,5,0,23,$700'000.00
Julius Honka,1995,71,195,D,16,1,4,-4,4,$925'000.00
Patric Hornqvist,1987,71,189,RW,70,21,23,16,28,$4'750'000.00
Bo Horvat,1995,72,223,C,81,20,32,-7,27,$832'500.00
Marian Hossa,1979,73,207,RW,73,26,19,7,8,$4'000'000.00
Quinton Howden,1992,74,189,C,5,0,0,1,0,$650'000.00
Marek Hrivik,1991,74,197,LW,16,0,2,-3,2,$600'000.00
Jonathan Huberdeau,1993,73,188,LW,31,10,16,-2,13,$4'000'000.00
Jiri Hudler,1984,70,190,RW,32,3,8,-3,4,$2'000'000.00
Charles Hudon,1994,70,195,LW,3,0,2,1,2,$575'000.00
Brad Hunt,1988,69,187,D,12,1,5,-1,2,$600'000.00
Matt Hunwick,1985,71,200,D,72,1,18,8,18,$1'200'000.00
Ben Hutton,1993,74,207,D,71,5,14,-22,31,$925'000.00
Zach Hyman,1992,73,210,C,82,10,18,2,30,$900'000.00
Jarome Iginla,1977,73,210,RW,80,14,13,-30,70,$5'000'000.00
Matt Irwin,1987,73,207,D,74,3,11,15,26,$575'000.00
Jaromir Jagr,1972,75,230,RW,82,16,30,2,56,$4'000'000.00
Mark Jankowski,1994,76,202,C,1,0,0,0,0,$925'000.00
Calle Jarnkrok,1991,71,186,C,81,15,16,-1,25,$1'700'000.00
Dmitrij Jaskin,1993,74,196,RW,51,1,10,5,18,$1'000'000.00
Boone Jenner,1993,74,216,C,82,18,16,14,52,$2'900'000.00
Nick Jensen,1990,72,196,D,49,4,9,-7,12,$600'000.00
Nicklas Jensen,1993,75,216,RW,7,0,0,-2,0,$600'000.00
Ryan Johansen,1992,75,218,C,82,14,47,1,60,$6'000'000.00
Marcus Johansson,1990,73,204,LW,82,24,34,25,10,$4'250'000.00
Stephen Johns,1992,76,230,D,61,4,6,-10,36,$650'000.00
Erik Johnson,1988,76,225,D,46,2,15,-6,9,$6'000'000.00
Jack Johnson,1987,73,226,D,82,5,18,23,32,$5'000'000.00
Tyler Johnson,1990,68,183,C,66,19,26,-5,28,$4'000'000.00
Ryan Johnston,1992,70,180,D,7,0,0,-3,4,$692'500.00
Jussi Jokinen,1983,71,198,LW,69,11,17,-15,39,$4'000'000.00
Jyrki Jokipakka,1991,75,215,D,41,1,5,-4,12,$900'000.00
Connor Jones,1990,69,176,C,4,0,0,1,2,$575'000.00
Seth Jones,1994,76,220,D,75,12,30,6,24,$5'400'000.00
Josh Jooris,1990,73,197,RW,54,4,8,-2,16,$600'000.00
Jacob Josefson,1991,72,190,C,38,1,9,-1,16,$1'100'000.00
Roman Josi,1990,73,201,D,72,12,37,7,18,$4'250'000.00
Tyson Jost,1998,71,191,C,6,1,0,-5,0,$900'000.00
Tomas Jurco,1992,74,188,LW,29,1,0,-12,4,$950'000.00
Nazem Kadri,1990,72,195,C,82,32,29,-7,95,$5'000'000.00
Sergey Kalinin,1991,75,200,C,43,2,2,-14,15,$800'000.00
Vladislav Kamenev,1996,74,194,LW,2,0,0,-1,2,$742'500.00
Steven Kampfer,1988,71,192,D,11,1,1,-2,6,$625'000.00
Evander Kane,1991,74,211,LW,70,28,15,-17,113,$6'000'000.00
Patrick Kane,1988,71,177,RW,82,34,55,11,32,$13'800'000.00
Kasperi Kapanen,1996,73,185,RW,8,1,0,-2,0,$925'000.00
Michael Kapla,1994,72,200,D,5,0,0,-1,0,$925'000.00
Erik Karlsson,1990,72,191,D,77,17,54,10,28,$7'000'000.00
Melker Karlsson,1990,72,180,C,67,11,11,7,22,$1'850'000.00
William Karlsson,1993,73,189,C,81,6,19,10,10,$1'000'000.00
Ondrej Kase,1995,72,180,RW,53,5,10,-1,18,$645'000.00
Zack Kassian,1991,75,207,RW,79,7,17,4,101,$1'500'000.00
Bracken Kearns,1981,72,200,C,2,0,0,-1,2,$800'000.00
Duncan Keith,1983,73,192,D,80,6,47,22,16,$6'000'000.00
Clayton Keller,1998,70,168,C,3,0,2,-3,0,$900'000.00
Chris Kelly,1980,72,190,C,82,5,7,-17,23,$900'000.00
Adrian Kempe,1996,74,202,LW,25,2,4,-3,6,$925'000.00
Michal Kempny,1990,72,194,D,50,2,6,1,22,
Nicolas Kerdiles,1994,74,191,LW,1,0,0,1,0,$925'000.00
Tanner Kero,1992,72,185,C,47,6,10,15,8,$667'500.00
Ryan Kesler,1984,74,202,C,82,22,36,8,83,$7'875'000.00
Phil Kessel,1987,72,202,RW,82,23,47,3,20,$9'000'000.00
Jujhar Khaira,1994,76,219,LW,10,1,0,1,2,$832'500.00
Alex Killorn,1989,73,196,LW,81,19,17,-9,66,$4'450'000.00
Jakub Kindl,1987,75,199,D,39,0,4,-11,28,$3'000'000.00
Dwight King,1989,76,229,LW,80,9,7,-2,12,$2'100'000.00
Oscar Klefbom,1993,75,220,D,82,12,26,7,6,$3'000'000.00
Kevin Klein,1984,73,206,D,60,3,11,5,31,$2'750'000.00
John Klingberg,1992,74,180,D,80,13,36,2,34,$2'750'000.00
Slater Koekkoek,1994,74,193,D,29,0,4,-4,8,$832'500.00
Mikko Koivu,1983,75,215,C,80,18,40,27,34,$5'400'000.00
Leo Komarov,1987,71,210,C,82,14,18,6,31,$2'950'000.00
Travis Konecny,1997,70,175,C,70,11,17,-2,49,$925'000.00
Anze Kopitar,1987,75,224,C,76,12,40,-10,28,$14'000'000.00
Lauri Korpikoski,1986,73,193,LW,69,8,12,5,10,$1'000'000.00
Kalle Kossila,1993,71,175,LW,1,0,0,0,0,$925'000.00
Chris Kreider,1991,75,228,LW,75,28,25,6,58,$5'000'000.00
David Krejci,1986,72,186,C,82,23,31,-12,26,$7'250'000.00
Niklas Kronwall,1981,72,194,D,57,2,11,-7,32,$5'500'000.00
Torey Krug,1991,69,186,D,81,8,43,-10,37,$5'000'000.00
Marcus Kruger,1990,72,186,C,70,5,12,7,34,$3'475'000.00
Nikita Kucherov,1993,71,178,RW,74,40,45,13,38,$4'250'000.00
Tom Kuhnhackl,1992,74,196,RW,57,4,12,8,18,$590'000.00
Brett Kulak,1994,74,187,D,21,0,3,-3,12,$680'000.00
Nikolay Kulemin,1986,73,225,LW,72,12,11,3,18,$4'250'000.00
Dmitry Kulikov,1990,73,204,D,47,2,3,-26,26,$4'500'000.00
Chris Kunitz,1979,72,195,LW,71,9,20,0,36,$3'550'000.00
Sean Kuraly,1993,74,205,C,8,0,1,-1,2,$692'500.00
Evgeny Kuznetsov,1992,74,192,C,82,19,40,18,46,$3'400'000.00
Kevin Labanc,1995,71,185,RW,55,8,12,9,22,$667'500.00
Joseph Labate,1993,77,210,C,13,0,0,-2,21,$680'000.00
Andrew Ladd,1985,75,200,LW,78,23,8,-14,45,$8'000'000.00
Paul Ladue,1992,74,201,D,22,0,8,-5,4,$925'000.00
Patrik Laine,1998,77,206,RW,73,36,28,7,26,$925'000.00
Anton Lander,1991,72,184,C,22,1,3,2,6,$1'050'000.00
Gabriel Landeskog,1992,73,215,LW,72,18,15,-25,62,$5'500'000.00
Nick Lappin,1992,73,174,RW,43,4,3,-17,17,$842'500.00
Dylan Larkin,1996,73,190,C,80,17,15,-28,37,$925'000.00
Philip Larsen,1989,73,185,D,26,1,5,-8,4,$1'025'000.00
Adam Larsson,1992,75,215,D,79,4,15,21,55,$3'000'000.00
Jacob Larsson,1997,74,191,D,4,0,0,-1,2,$925'000.00
Johan Larsson,1992,71,200,C,36,6,5,-7,20,$950'000.00
Brian Lashoff,1990,75,221,D,5,0,0,-3,0,$650'000.00
Scott Laughton,1994,73,190,C,2,0,0,0,0,$832'500.00
Curtis Lazar,1995,72,209,C,37,1,3,-8,4,$832'500.00
Nick Leddy,1991,72,199,D,81,11,35,-3,12,$4'500'000.00
Anders Lee,1990,75,228,LW,81,34,18,9,56,$3'500'000.00
Artturi Lehkonen,1995,72,182,LW,73,18,10,-1,8,$667'500.00
Jori Lehtera,1987,74,212,C,64,7,15,-6,34,$4'400'000.00
Taylor Leier,1994,70,174,LW,10,1,1,-1,4,$768'150.00
Josh Leivo,1993,74,205,LW,13,2,8,2,4,$575'000.00
Brett Lernout,1995,76,213,D,2,0,0,-1,0,$660'000.00
Kris Letang,1987,72,201,D,41,5,29,2,32,$7'250'000.00
Mark Letestu,1985,70,197,C,78,16,19,-2,17,$1'800'000.00
Trevor Lewis,1987,73,201,C,82,12,12,-6,30,$2'000'000.00
Mike Liambas,1989,70,203,LW,1,0,0,-1,0,$575'000.00
John-Michael Liles,1980,70,185,D,36,0,5,1,4,$2'000'000.00
Oscar Lindberg,1991,73,202,C,65,8,12,2,32,$700'000.00
Petteri Lindbohm,1993,75,198,D,7,0,0,-4,4,$645'000.00
Esa Lindell,1994,75,215,D,73,6,12,8,22,$802'500.00
Anton Lindholm,1994,71,191,D,12,0,0,-8,2,$667'500.00
Elias Lindholm,1994,73,192,C,72,11,34,-2,16,$2'500'000.00
Hampus Lindholm,1994,75,205,D,66,6,14,13,36,$3'000'000.00
Bryan Little,1987,72,191,C,59,21,26,-7,18,$5'000'000.00
Matt Lorito,1990,69,170,LW,2,0,1,0,0,
Ben Lovejoy,1984,73,206,D,82,1,6,-7,39,$2'500'000.00
Adam Lowry,1993,77,210,C,82,15,14,1,52,$1'000'000.00
Milan Lucic,1988,75,236,LW,82,23,27,-3,50,$8'000'000.00
Roman Lyubimov,1992,74,207,LW,47,4,2,-2,8,
Olli Maatta,1994,74,206,D,55,1,6,17,12,$4'083'300.00
Clarke MacArthur,1985,72,192,LW,4,0,0,-1,0,$4'500'000.00
Andrew MacDonald,1986,73,204,D,73,2,16,-5,26,$4'750'000.00
Derek MacKenzie,1981,71,181,C,82,6,10,-7,50,$1'300'000.00
Nathan MacKinnon,1995,72,205,C,82,16,37,-14,16,$5'000'000.00
Denis Malgin,1997,69,177,C,47,6,4,-5,8,$640'000.00
Evgeni Malkin,1986,75,195,C,62,33,39,18,77,$9'500'000.00
Sean Malone,1995,72,190,C,1,0,0,0,0,$925'000.00
Brandon Manning,1990,73,205,D,65,3,9,-12,83,$950'000.00
Josh Manson,1991,75,215,D,82,5,12,14,82,$825'000.00
Anthony Mantha,1994,77,221,RW,60,17,19,10,53,$832'500.00
Brad Marchand,1988,69,181,LW,80,39,46,18,81,$5'000'000.00
Alexey Marchenko,1992,75,210,D,41,1,7,7,12,$1'300'000.00
Jonathan Marchessault,1990,69,174,C,75,30,21,-21,38,$750'000.00
Martin Marincin,1992,76,210,D,25,1,6,3,16,$1'200'000.00
Andrei Markov,1978,72,200,D,62,6,30,18,16,$4'250'000.00
Patrick Marleau,1979,74,215,LW,82,27,19,4,28,$6'500'000.00
Mitchell Marner,1997,72,170,C,77,19,42,0,38,$925'000.00
Patrick Maroon,1988,75,227,LW,81,27,15,13,95,$2'000'000.00
Matt Martin,1989,75,220,LW,82,5,4,0,123,$3'500'000.00
Paul Martin,1981,73,200,D,81,4,22,10,20,$5'000'000.00
Alec Martinez,1987,73,212,D,82,9,30,-17,24,$3'900'000.00
Jordan Martinook,1992,72,202,LW,77,11,14,-8,40,$625'000.00
Andreas Martinsen,1990,75,220,LW,64,3,4,-14,32,$640'000.00
Michael Matheson,1994,74,192,D,81,7,10,-5,36,$925'000.00
Auston Matthews,1997,75,216,C,82,40,29,2,14,$925'000.00
Shawn Matthias,1988,76,231,LW,45,8,4,0,13,$2'125'000.00
Scott Mayfield,1992,76,224,D,25,2,7,-1,35,$575'000.00
Jamie McBain,1988,73,180,D,3,0,0,-1,0,$650'000.00
Jake McCabe,1993,73,209,D,76,3,17,-7,26,$1'250'000.00
Jared McCann,1996,73,198,C,29,1,6,-1,4,$925'000.00
Michael McCarron,1995,78,231,RW,31,1,4,-4,41,$832'500.00
Jay McClement,1983,73,205,C,65,5,3,-8,18,$1'100'000.00
Max McCormick,1992,71,188,RW,7,0,0,-3,0,$650'000.00
Ian McCoshen,1995,75,217,D,3,0,1,0,0,$925'000.00
Connor McDavid,1997,73,200,C,82,30,70,27,26,$925'000.00
Ryan McDonagh,1989,73,216,D,77,6,36,20,37,$5'000'000.00
Colin McDonald,1984,74,219,RW,3,1,0,1,0,$625'000.00
Evan McEneny,1994,74,203,D,1,0,0,-1,0,$575'000.00
Brock McGinn,1994,72,185,LW,57,7,9,-11,6,$800'000.00
Jamie McGinn,1988,73,205,LW,72,9,8,-23,23,$3'000'000.00
Dylan McIlrath,1992,77,236,D,6,1,0,-2,14,$800'000.00
Greg McKegg,1992,72,191,C,46,3,4,-3,22,$700'000.00
Curtis McKenzie,1991,74,205,LW,53,6,10,5,72,$700'000.00
Cody McLeod,1984,74,210,LW,59,5,1,-3,145,$1'250'000.00
Brayden McNabb,1991,76,212,D,49,2,2,1,54,$1'600'000.00
Mark McNeill,1993,74,214,C,1,0,0,-1,0,$600'000.00
Adam Mcquaid,1986,76,212,D,77,2,8,4,71,$3'000'000.00
Wade Megan,1990,73,192,C,3,1,0,1,0,
Jaycob Megna,1992,78,225,D,1,0,0,1,0,$925'000.00
Jayson Megna,1990,73,195,C,58,4,4,-4,6,$600'000.00
Timo Meier,1996,72,210,RW,34,3,3,1,10,$925'000.00
Julian Melchiori,1991,77,214,D,18,0,2,0,8,$600'000.00
Jon Merrill,1992,75,205,D,51,1,5,-9,24,$1'000'000.00
Marc Methot,1985,75,220,D,68,0,12,13,24,$4'900'000.00
Milan Michalek,1984,74,225,LW,5,1,1,-2,2,$4'000'000.00
Zbynek Michalek,1982,74,210,D,3,0,0,1,0,$3'200'000.00
Sonny Milano,1996,74,197,LW,4,0,0,-3,0,$925'000.00
Colin Miller,1992,73,196,D,61,6,7,0,55,$900'000.00
Drew Miller,1984,74,183,LW,55,5,2,-12,18,$1'025'000.00
J.T. Miller,1993,73,206,LW,82,22,34,17,21,$2'750'000.00
Kevan Miller,1987,74,210,D,58,3,10,1,50,$2'500'000.00
Garrett Mitchell,1991,71,198,RW,1,0,0,0,0,$600'000.00
John Mitchell,1985,73,204,C,65,3,4,-12,45,$1'900'000.00
Torrey Mitchell,1985,71,190,C,78,8,9,5,38,$1'300'000.00
Zack Mitchell,1993,73,184,RW,11,0,0,-1,0,$640'000.00
Griffen Molino,1994,71,171,C,5,0,0,-2,0,$925'000.00
Sean Monahan,1994,75,195,C,82,27,31,-1,20,$6'500'000.00
Brandon Montour,1994,72,192,D,27,2,4,11,14,$925'000.00
Dominic Moore,1980,72,192,C,82,11,14,2,44,$900'000.00
John Moore,1990,75,210,D,63,12,10,-7,39,$1'750'000.00
Samuel Morin,1995,78,202,D,1,0,0,0,0,$832'500.00
Josh Morrissey,1995,72,195,D,82,6,14,6,38,$832'500.00
Joe Morrow,1992,72,199,D,17,0,1,-4,8,$800'000.00
Tyler Motte,1995,69,188,LW,33,4,3,2,14,$925'000.00
Matt Moulson,1983,73,200,LW,81,14,18,-4,10,$5'000'000.00
Mirco Mueller,1995,75,210,D,4,1,1,2,0,$832'500.00
Connor Murphy,1993,76,212,D,77,2,15,-13,45,$2'400'000.00
Ryan Murphy,1993,71,185,D,27,0,2,-11,8,$750'000.00
Ryan Murray,1993,73,211,D,60,2,9,3,24,$2'825'000.00
Jake Muzzin,1989,75,216,D,82,9,19,-21,46,$4'000'000.00
Tyler Myers,1990,80,229,D,11,2,3,5,13,$4'000'000.00
Jakub Nakladal,1987,74,212,D,3,0,0,-4,0,
Vladislav Namestnikov,1992,71,180,C,74,10,18,-4,31,$1'900'000.00
Rick Nash,1984,76,212,RW,67,23,15,9,26,$8'000'000.00
Riley Nash,1989,73,200,C,81,7,10,-1,14,$900'000.00
James Neal,1987,74,221,RW,70,23,18,-10,35,$5'000'000.00
Chris Neil,1979,73,209,RW,53,1,3,-11,63,$1'500'000.00
Brock Nelson,1991,75,206,C,81,20,25,-6,36,$2'500'000.00
Casey Nelson,1992,73,190,D,11,0,0,-3,4,$650'000.00
Patrik Nemeth,1992,75,215,D,40,0,3,-4,14,$900'000.00
Aaron Ness,1990,70,184,D,2,0,0,-1,0,$575'000.00
Nikita Nesterov,1993,71,191,D,48,4,13,0,24,$725'000.00
Andrej Nestrasil,1991,75,200,C,19,1,4,-3,2,$950'000.00
Nino Niederreiter,1992,74,211,RW,82,25,32,17,53,$3'500'000.00
Frans Nielsen,1984,73,188,C,79,17,24,-19,18,$6'000'000.00
Matt Nieto,1992,71,190,LW,59,7,6,-12,8,$735'000.00
Cristoval Nieves,1994,75,219,C,1,0,0,-1,0,$742'500.00
Matt Niskanen,1986,73,200,D,78,5,34,20,32,$5'750'000.00
Stefan Noesen,1993,73,205,RW,44,8,2,6,24,$600'000.00
Nelson Nogier,1996,74,191,D,10,0,0,-1,5,$650'000.00
Jordan Nolan,1989,75,219,C,46,4,4,-3,44,$1'000'000.00
Joakim Nordstrom,1992,73,189,LW,82,7,5,-12,17,$1'250'000.00
Tomas Nosek,1992,75,210,LW,11,1,0,-1,2,$575'000.00
Ryan Nugent-Hopkins,1993,72,196,C,82,18,25,-10,29,$6'000'000.00
Darnell Nurse,1995,76,220,D,44,5,6,0,33,$832'500.00
Markus Nutivaara,1994,73,186,D,66,2,5,7,6,$792'500.00
Alex Nylander,1998,73,180,RW,4,0,1,-2,0,$925'000.00
William Nylander,1996,72,190,C,81,22,39,-3,32,$925'000.00
Gustav Nyquist,1989,71,184,RW,76,12,36,0,18,$4'250'000.00
Liam O'Brien,1994,73,215,C,1,0,0,0,0,$630'000.00
Rob O'Gara,1993,76,207,D,3,0,0,1,0,$925'000.00
Daniel O'Regan,1994,69,180,C,3,1,0,-2,0,$792'500.00
Cal O'Reilly,1986,72,193,C,11,0,1,-6,0,$700'000.00
Ryan O'Reilly,1991,73,210,C,72,20,35,-1,10,$11'000'000.00
Johnny Oduya,1981,72,195,D,52,2,7,-4,18,$3'750'000.00
Jordan Oesterle,1992,72,182,D,2,0,0,-1,0,$585'000.00
Kyle Okposo,1988,72,218,RW,65,19,26,-7,24,$8'000'000.00
Jamie Oleksiak,1992,79,255,D,41,5,2,-4,37,$918'750.00
Steve Oleksy,1986,72,190,D,11,0,1,2,24,$575'000.00
Gustav Olofsson,1994,75,195,D,13,0,3,-1,2,$925'000.00
Dmitry Orlov,1991,71,212,D,82,6,27,30,51,$2'570'000.00
Brooks Orpik,1980,75,219,D,79,0,14,32,48,$5'500'000.00
T.J. Oshie,1986,72,189,RW,68,33,23,28,36,$4'500'000.00
Steve Ott,1982,72,193,C,53,3,4,-8,80,$800'000.00
Xavier Ouellet,1993,73,208,D,66,3,9,2,51,$715'000.00
Alex Ovechkin,1985,75,239,LW,82,33,36,6,50,$10'000'000.00
Magnus Paajarvi,1991,75,203,LW,32,8,5,9,6,$700'000.00
Max Pacioretty,1988,74,215,LW,81,35,32,15,38,$5'000'000.00
Jean-Gabriel Pageau,1992,70,180,C,82,12,21,13,24,$1'100'000.00
Iiro Pakarinen,1991,73,209,RW,14,2,2,2,2,$725'000.00
Ondrej Palat,1991,72,188,LW,75,17,35,8,39,$4'000'000.00
Kyle Palmieri,1991,70,185,RW,80,26,27,2,46,$4'500'000.00
Artemi Panarin,1991,71,170,LW,82,31,43,18,21,$925'000.00
Richard Panik,1991,73,208,RW,82,22,22,14,58,$875'000.00
Cedric Paquette,1993,73,198,C,58,4,6,-6,80,$800'000.00
Colton Parayko,1993,78,226,D,81,4,31,7,32,$925'000.00
Adam Pardy,1984,76,227,D,4,0,0,-1,6,$575'000.00
PA Parenteau,1983,72,200,RW,67,13,15,-18,35,$1'250'000.00
Zach Parise,1984,71,196,LW,69,19,23,-3,30,$9'000'000.00
David Pastrnak,1996,72,181,RW,75,34,36,11,34,$925'000.00
Greg Pateryn,1990,75,221,D,36,1,8,-1,10,$750'000.00
Nick Paul,1995,76,230,LW,1,0,0,-2,0,$692'500.00
Joe Pavelski,1984,71,190,C,81,29,39,11,34,$6'000'000.00
Tanner Pearson,1992,73,204,LW,80,24,20,5,13,$1'550'000.00
Matthew Peca,1993,68,178,C,10,1,1,-3,2,$925'000.00
Adam Pelech,1994,75,210,D,44,3,7,-5,6,$925'000.00
Brendan Perlini,1996,75,211,LW,57,14,7,-4,20,$925'000.00
Mathieu Perreault,1988,70,188,C,65,13,32,-11,30,$3'000'000.00
David Perron,1988,72,200,LW,82,18,28,-2,54,$3'750'000.00
Corey Perry,1985,75,210,RW,82,19,34,2,76,$10'000'000.00
Brett Pesce,1994,75,200,D,82,2,18,23,20,$792'500.00
Nic Petan,1995,69,179,LW,54,1,12,-13,12,$750'000.00
Alex Petrovic,1992,76,206,D,49,1,13,-1,79,$1'200'000.00
Jeff Petry,1987,75,204,D,80,8,20,3,22,$7'000'000.00
Dion Phaneuf,1985,75,219,D,81,9,21,-6,100,$7'500'000.00
Blake Pietila,1993,71,200,LW,10,0,1,-5,4,$675'000.00
Alex Pietrangelo,1990,75,205,D,80,14,34,3,24,$7'000'000.00
Brandon Pirri,1991,72,186,RW,60,8,10,-8,25,$1'100'000.00
Tyler Pitlick,1991,74,202,RW,31,8,3,0,6,$725'000.00
Tomas Plekanec,1982,71,196,C,78,10,18,10,24,$7'000'000.00
Brayden Point,1996,70,166,C,68,18,22,4,14,$667'500.00
Roman Polak,1986,74,235,D,75,4,7,10,65,$2'250'000.00
Jason Pominville,1982,72,181,RW,78,13,34,2,4,$6'250'000.00
Kevin Porter,1986,71,191,C,2,0,0,-1,0,$575'000.00
Paul Postma,1989,75,195,D,65,1,13,3,15,$925'000.00
Andrew Poturalski,1994,70,180,C,2,0,0,-3,0,$792'500.00
Benoit Pouliot,1986,75,204,LW,67,8,6,-5,34,$4'000'000.00
Derrick Pouliot,1994,72,208,D,11,0,0,-4,4,$832'500.00
Shane Prince,1992,71,185,LW,50,5,13,-9,18,$800'000.00
Nate Prosser,1986,74,201,D,39,2,5,0,12,$650'000.00
Dalton Prout,1990,75,229,D,29,0,6,-1,44,$1'250'000.00
Ivan Provorov,1997,73,201,D,82,6,24,-7,34,$925'000.00
Matt Puempel,1993,73,205,LW,40,6,3,-11,11,$900'000.00
Jesse Puljujarvi,1998,76,203,RW,28,1,7,5,10,$925'000.00
Teemu Pulkkinen,1992,70,185,LW,13,2,0,-2,6,$812'500.00
Ryan Pulock,1994,74,215,D,1,0,0,1,0,$832'500.00
Teddy Purcell,1985,74,195,LW,12,0,2,0,0,$1'600'000.00
Tom Pyatt,1987,71,185,LW,82,9,14,9,16,$800'000.00
Mark Pysyk,1992,73,200,D,82,4,13,0,10,$1'250'000.00
John Quenneville,1996,73,195,C,12,1,3,1,2,$842'500.00
Kyle Quincey,1985,74,216,D,73,6,9,4,51,$1'250'000.00
Alan Quine,1993,72,200,C,61,5,13,-2,8,$575'000.00
Alex Radulov,1986,74,205,RW,76,18,36,10,62,$5'750'000.00
Michael Raffl,1988,72,200,LW,52,8,3,-7,20,$2'350'000.00
Rickard Rakell,1993,74,201,C,71,33,18,10,12,$3'800'000.00
Mikko Rantanen,1996,76,211,RW,75,20,18,-25,22,$925'000.00
Victor Rask,1993,74,200,C,82,16,29,-10,16,$4'000'000.00
Dennis Rasmussen,1990,75,205,C,68,4,4,-4,12,$575'000.00
Ty Rattie,1993,72,195,RW,9,0,2,-2,0,$650'000.00
Kyle Rau,1992,68,178,C,24,2,1,-3,4,$925'000.00
Mason Raymond,1985,73,179,LW,4,0,0,-2,0,
Matt Read,1986,70,185,RW,63,10,9,3,8,$4'000'000.00
Ryan Reaves,1987,73,225,RW,80,7,6,4,104,$1'125'000.00
Zach Redmond,1988,74,208,D,16,0,5,6,2,$575'000.00
Mike Reilly,1993,74,193,D,17,1,0,1,2,$925'000.00
Sam Reinhart,1995,73,193,C,79,17,30,-11,8,$925'000.00
Borna Rendulic,1992,74,200,RW,1,0,0,0,0,$575'000.00
Dan Renouf,1994,74,205,D,1,0,0,0,0,$692'500.00
Mike Ribeiro,1980,72,179,C,46,4,21,-5,14,$3'500'000.00
Tanner Richard,1993,72,192,C,3,0,0,-2,2,$575'000.00
Brad Richardson,1985,72,197,RW,16,5,4,-1,15,$2'250'000.00
Tobias Rieder,1993,71,185,RW,80,16,18,-8,6,$2'000'000.00
Morgan Rielly,1994,73,215,D,76,6,21,-20,21,$5'000'000.00
Rasmus Ristolainen,1994,76,203,D,79,6,39,-9,58,$5'400'000.00
Brett Ritchie,1993,75,215,RW,78,16,8,11,38,$875'000.00
Nick Ritchie,1995,74,232,LW,77,14,14,4,62,$925'000.00
Buddy Robinson,1991,78,232,RW,4,0,0,0,2,$750'000.00
Anton Rodin,1990,71,185,RW,3,0,1,1,0,$950'000.00
Evan Rodrigues,1993,70,183,LW,30,4,2,-7,4,$842'500.00
Kevin Rooney,1993,74,190,C,4,0,0,-3,4,$625'000.00
Jack Roslovic,1997,73,187,C,1,0,0,-1,0,
Antoine Roussel,1989,72,200,LW,60,12,15,1,115,$2'200'000.00
Carter Rowney,1989,74,200,RW,27,3,4,2,4,$575'000.00
Michal Rozsival,1978,73,210,D,22,1,2,-3,14,$600'000.00
Chad Ruhwedel,1990,71,191,D,34,2,8,9,8,$575'000.00
Kris Russell,1987,70,170,D,68,1,12,5,23,$3'100'000.00
Robbie Russo,1993,72,189,D,19,0,0,2,2,$692'500.00
Bryan Rust,1992,71,192,RW,57,15,13,4,8,$620'000.00
Bobby Ryan,1987,74,204,RW,62,13,12,-3,24,$7'000'000.00
Derek Ryan,1986,71,170,C,67,11,18,-8,22,$600'000.00
Brandon Saad,1992,73,206,LW,82,24,29,23,8,$5'750'000.00
Miikka Salomaki,1993,71,203,RW,5,0,0,-1,2,$575'000.00
Zach Sanford,1994,76,203,LW,39,4,4,2,10,$875'000.00
Steven Santini,1995,74,207,D,38,2,5,-6,14,$925'000.00
David Savard,1990,74,227,D,74,6,17,33,44,$3'500'000.00
Luca Sbisa,1990,74,209,D,82,2,11,-1,40,$3'600'000.00
Marco Scandella,1990,75,208,D,71,4,9,-2,25,$3'750'000.00
Colton Sceviour,1989,72,195,C,80,9,15,-16,25,$950'000.00
Tim Schaller,1990,74,219,C,59,7,7,-6,23,$600'000.00
Mark Scheifele,1993,75,207,C,79,32,50,18,38,$5'000'000.00
Brayden Schenn,1991,73,195,C,79,25,30,-13,38,$6'000'000.00
Luke Schenn,1989,74,229,D,78,1,7,-9,85,$1'000'000.00
Nikita Scherbak,1995,74,190,RW,3,1,0,1,0,$925'000.00
David Schlemko,1987,72,190,D,62,2,16,4,14,$2'500'000.00
Jordan Schmaltz,1993,74,190,D,9,0,2,0,4,$925'000.00
Nick Schmaltz,1996,72,177,C,61,6,22,10,6,$925'000.00
Nate Schmidt,1991,73,194,D,60,3,14,22,16,$875'000.00
Cole Schneider,1990,73,200,LW,4,0,1,2,0,$600'000.00
Jordan Schroeder,1990,69,184,C,37,6,7,5,0,$650'000.00
Justin Schultz,1990,74,193,D,78,12,39,27,34,$1'400'000.00
Nick Schultz,1982,73,203,D,28,0,4,1,10,$2'250'000.00
Jaden Schwartz,1992,70,188,LW,78,19,36,14,18,$5'250'000.00
Brent Seabrook,1985,75,220,D,79,3,36,5,26,$9'000'000.00
Daniel Sedin,1980,73,190,LW,82,15,29,-16,32,$7'000'000.00
Henrik Sedin,1980,74,183,C,82,15,35,-27,28,$7'000'000.00
Lukas Sedlak,1993,72,203,C,62,7,6,10,25,$600'000.00
Tyler Seguin,1992,73,200,C,82,26,46,-15,22,$6'000'000.00
Dennis Seidenberg,1981,72,198,D,73,5,17,25,32,$1'000'000.00
Andrej Sekera,1986,72,198,D,80,8,27,14,18,$6'500'000.00
Mikhail Sergachev,1998,75,215,D,4,0,0,1,0,$925'000.00
Tom Sestito,1987,77,228,LW,13,0,2,0,48,$575'000.00
Devin Setoguchi,1987,72,205,RW,45,4,8,-5,14,$575'000.00
Damon Severson,1994,74,205,D,80,3,28,-31,58,$600'000.00
Michael Sgarbossa,1992,72,186,C,38,2,7,-5,9,$600'000.00
Patrick Sharp,1981,73,200,LW,48,8,10,-22,31,$5'000'000.00
Kevin Shattenkirk,1989,72,209,D,80,13,43,-7,47,$5'200'000.00
Andrew Shaw,1991,71,179,C,68,12,17,4,110,$5'500'000.00
Logan Shaw,1992,75,202,C,55,3,7,3,10,$660'000.00
Riley Sheahan,1991,75,226,C,80,2,11,-29,14,$2'075'000.00
Conor Sheary,1992,68,175,LW,61,23,30,24,22,$667'500.00
Hunter Shinkaruk,1994,70,181,C,7,0,1,-3,2,$832'500.00
Devin Shore,1994,73,205,C,82,13,20,-4,14,$867'500.00
Drew Shore,1991,75,205,C,14,0,2,-3,4,$600'000.00
Nick Shore,1992,73,201,C,70,6,11,-2,20,$600'000.00
Duncan Siemens,1993,75,210,D,3,0,0,-2,2,$874'125.00
Jakob Silfverberg,1990,74,196,RW,79,23,26,10,20,$3'000'000.00
Wayne Simmonds,1988,74,185,RW,82,31,23,-18,122,$4'300'000.00
Dominik Simon,1994,71,176,C,2,0,1,-1,0,$667'500.00
Dillon Simpson,1993,74,194,D,3,0,0,0,2,$925'000.00
Colton Sissons,1993,73,200,C,58,8,2,11,12,$575'000.00
Jack Skille,1987,73,216,RW,55,5,4,0,12,$700'000.00
Jeff Skinner,1992,71,200,LW,79,37,26,-3,28,$6'000'000.00
Brady Skjei,1994,75,211,D,80,5,34,11,42,$925'000.00
Jaccob Slavin,1994,74,205,D,82,5,29,23,12,$742'500.00
Anton Slepyshev,1994,74,218,LW,41,4,6,5,4,$925'000.00
Ben Smith,1988,71,198,RW,40,2,2,-7,4,$675'000.00
Brendan Smith,1989,74,211,D,51,3,6,1,63,$3'250'000.00
C.J. Smith,1994,71,185,LW,2,0,1,-1,0,
Craig Smith,1989,73,208,RW,78,12,17,7,30,$4'000'000.00
Gemel Smith,1994,70,190,C,17,3,3,-1,21,$670'000.00
Reilly Smith,1991,72,185,RW,80,15,22,-13,17,$3'500'000.00
Trevor Smith,1985,73,195,C,1,0,0,0,0,$575'000.00
Zack Smith,1988,74,208,C,74,16,16,6,61,$2'350'000.00
Devante Smith-Pelly,1992,72,214,RW,53,4,5,-19,12,$1'250'000.00
Vladimir Sobotka,1987,70,197,LW,1,1,0,0,0,$2'725'000.00
Carl Soderberg,1985,75,210,C,80,6,8,-26,22,$4'750'000.00
Marcus Sorensen,1992,71,175,RW,19,1,3,-1,4,
Nick Sorensen,1994,73,182,RW,5,0,1,-1,2,$925'000.00
Nikita Soshnikov,1993,71,190,RW,56,5,4,1,16,$742'500.00
Blake Speers,1997,71,185,C,3,0,0,0,0,$667'500.00
Jason Spezza,1983,75,210,C,68,15,35,-18,29,$7'500'000.00
Ryan Spooner,1992,70,184,C,78,12,28,-8,14,$1'100'000.00
Ryan Sproul,1993,76,211,D,27,1,6,-8,6,$600'000.00
Jared Spurgeon,1989,69,164,D,76,10,28,33,20,$4'250'000.00
Eric Staal,1984,76,208,C,82,28,37,17,34,$3'500'000.00
Jordan Staal,1988,76,220,C,75,16,29,-1,38,$6'000'000.00
Marc Staal,1987,76,209,D,72,3,7,9,34,$6'000'000.00
Drew Stafford,1985,74,214,RW,58,8,13,6,24,$4'350'000.00
Matt Stajan,1983,73,195,C,81,6,17,3,40,$3'000'000.00
Viktor Stalberg,1986,75,209,LW,75,11,5,-9,41,$1'500'000.00
Steven Stamkos,1990,73,194,C,17,9,11,3,14,$9'500'000.00
Paul Stastny,1985,72,202,C,66,18,22,4,36,$7'000'000.00
Troy Stecher,1994,70,190,D,71,3,21,-16,25,$925'000.00
Alex Steen,1984,72,211,LW,76,16,35,-2,53,$6'500'000.00
Lee Stempniak,1983,71,195,RW,82,16,24,2,32,$2'500'000.00
Derek Stepan,1990,72,196,C,81,17,38,19,16,$8'000'000.00
Chandler Stephenson,1994,72,204,C,4,0,0,0,0,$842'500.00
Chris Stewart,1987,74,239,RW,79,13,8,3,94,$1'200'000.00
Karl Stollery,1987,71,180,D,11,0,3,-5,13,$575'000.00
Mark Stone,1992,75,206,RW,71,22,32,12,25,$3'750'000.00
Michael Stone,1990,75,210,D,64,3,12,0,32,$4'000'000.00
Clayton Stoner,1985,76,216,D,14,1,2,0,28,$3'250'000.00
Brian Strait,1988,73,206,D,5,0,2,-1,0,$600'000.00
Anton Stralman,1986,71,190,D,73,5,17,1,20,$4'500'000.00
Ben Street,1987,71,199,C,6,0,1,1,0,$600'000.00
Mark Streit,1977,71,191,D,68,6,21,-12,28,$4'000'000.00
Dylan Strome,1997,75,185,C,7,0,1,-5,0,$925'000.00
Ryan Strome,1993,73,199,RW,69,13,17,-8,40,$2'000'000.00
Mark Stuart,1984,74,215,D,42,2,2,4,27,$2'700'000.00
P.K. Subban,1989,72,210,D,66,10,30,-8,44,$11'000'000.00
Oskar Sundqvist,1994,75,209,C,10,0,0,-4,2,$792'500.00
Andrej Sustr,1990,79,220,D,80,3,11,-10,43,$1'600'000.00
Ryan Suter,1985,74,206,D,82,9,31,34,36,$9'000'000.00
Brandon Sutter,1989,75,191,C,81,17,17,-20,12,$4'250'000.00
Evgeny Svechnikov,1996,75,205,RW,2,0,0,0,0,$925'000.00
Brandon Tanev,1991,72,180,LW,51,2,2,-6,26,$874'125.00
Chris Tanev,1989,74,195,D,53,2,8,3,14,$3'500'000.00
Vladimir Tarasenko,1991,72,219,RW,82,39,36,-1,12,$8'000'000.00
Tomas Tatar,1990,70,185,LW,82,25,21,-8,26,$2'750'000.00
John Tavares,1990,73,211,C,77,28,38,4,38,$6'000'000.00
Matt Tennyson,1990,74,205,D,45,0,6,-13,6,$675'000.00
Teuvo Teravainen,1994,71,178,LW,81,15,27,-6,16,$832'500.00
Chris Terry,1989,70,195,LW,14,2,2,-1,4,$600'000.00
Shea Theodore,1995,74,195,D,34,2,7,-6,28,$832'500.00
Nate Thompson,1984,72,212,C,30,1,1,4,14,$1'700'000.00
Paul Thompson,1988,73,200,RW,21,0,3,-4,22,$575'000.00
Ben Thomson,1993,75,205,LW,3,0,0,-4,4,$635'000.00
Chris Thorburn,1983,75,235,RW,64,3,1,-7,95,$1'200'000.00
Joe Thornton,1979,76,220,C,79,7,43,7,51,$6'750'000.00
Shawn Thornton,1977,74,217,LW,50,2,2,-7,67,
Chris Tierney,1994,73,195,C,80,11,12,0,6,$700'000.00
Matthew Tkachuk,1997,74,202,LW,76,13,35,14,105,$925'000.00
Jonathan Toews,1988,74,201,C,72,21,37,7,35,$13'800'000.00
Tyler Toffoli,1992,72,201,C,63,16,18,6,22,$3'900'000.00
Sergey Tolchinsky,1995,68,170,LW,2,0,1,0,0,$575'000.00
Jordin Tootoo,1983,69,195,RW,50,2,1,-6,28,$750'000.00
Vincent Trocheck,1993,70,182,C,82,23,31,-13,43,$3'750'000.00
Corey Tropp,1989,72,185,RW,1,0,0,-1,0,$600'000.00
Jacob Trouba,1994,75,202,D,60,8,25,4,54,$2'500'000.00
Nikita Tryamkin,1994,79,265,D,66,2,7,-7,64,$925'000.00
Alex Tuch,1996,76,222,RW,6,0,0,-3,0,$925'000.00
Kyle Turris,1989,73,190,C,78,27,28,-3,47,$4'000'000.00
T.J. Tynan,1992,68,165,C,3,0,0,-1,0,$600'000.00
Fedor Tyutin,1983,74,221,D,69,1,12,-25,38,$2'000'000.00
Scottie Upshall,1983,72,200,RW,73,10,8,-1,45,$900'000.00
James van Riemsdyk,1989,75,210,LW,82,29,33,-2,37,$5'000'000.00
Trevor van Riemsdyk,1991,74,188,D,58,5,11,17,29,$750'000.00
Chris VandeVelde,1987,74,190,C,81,6,9,-5,16,$725'000.00
Thomas Vanek,1984,74,214,LW,68,17,31,-5,22,$2'600'000.00
Phil Varone,1990,70,193,C,7,0,0,-3,2,$700'000.00
Sami Vatanen,1991,70,183,D,71,3,21,3,30,$5'000'000.00
Frank Vatrano,1994,69,201,C,44,10,8,-3,14,$792'500.00
Mike Vecchione,1993,70,194,C,2,0,0,-1,0,$925'000.00
Antoine Vermette,1982,73,198,C,72,9,19,-7,42,$1'750'000.00
Joel Vermin,1992,71,192,RW,18,0,3,2,4,$575'000.00
Kris Versteeg,1986,71,176,RW,69,15,22,-3,46,$950'000.00
Jimmy Vesey,1993,75,207,LW,80,16,11,-13,26,$925'000.00
Linden Vey,1991,72,189,RW,4,0,0,-2,0,$700'000.00
Jake Virtanen,1996,73,229,RW,10,0,1,1,2,$925'000.00
Marc-Edouard Vlasic,1987,73,205,D,75,6,22,4,35,$4'250'000.00
Jakub Voracek,1989,74,214,RW,82,20,41,-24,56,$10'000'000.00
Jakub Vrana,1996,72,195,LW,21,3,3,2,2,$925'000.00
Radim Vrbata,1981,73,194,RW,81,20,35,-18,16,$1'000'000.00
Chris Wagner,1991,72,195,C,43,6,1,2,6,$625'000.00
Lucas Wallmark,1995,72,176,C,8,0,2,1,2,$675'000.00
Joel Ward,1980,73,225,RW,78,10,19,-2,30,$3'275'000.00
David Warsofsky,1990,69,170,D,7,0,1,-3,6,$575'000.00
Austin Watson,1992,76,204,LW,77,5,12,14,99,$575'000.00
Jordan Weal,1992,70,179,C,23,8,4,5,10,$650'000.00
Shea Weber,1985,76,232,D,78,17,25,20,38,$12'000'000.00
Yannick Weber,1988,71,200,D,73,1,7,1,25,$575'000.00
Mackenzie Weegar,1994,72,212,D,3,0,0,0,4,$705'000.00
Dale Weise,1988,74,206,RW,64,8,7,1,39,$2'750'000.00
Alex Wennberg,1994,74,196,C,80,13,46,9,21,$925'000.00
Zach Werenski,1997,74,218,D,78,11,36,17,14,$925'000.00
Blake Wheeler,1986,77,225,RW,82,26,48,6,47,$5'800'000.00
Colin White,1997,72,183,C,2,0,0,0,0,$925'000.00
Ryan White,1988,72,200,C,65,9,7,-16,84,$1'000'000.00
Chris Wideman,1990,70,180,D,76,5,12,7,46,$800'000.00
Dennis Wideman,1983,72,202,D,57,5,13,-6,32,$6'000'000.00
Patrick Wiercioch,1990,77,202,D,57,4,8,-18,23,$800'000.00
Justin Williams,1981,73,188,RW,80,24,24,14,50,$3'250'000.00
Colin Wilson,1989,73,221,LW,70,12,23,7,18,$4'000'000.00
Scott Wilson,1992,71,183,LW,78,8,18,0,32,$590'000.00
Tom Wilson,1994,76,217,RW,82,7,12,9,133,$1'750'000.00
Tommy Wingels,1988,72,200,C,73,7,5,-11,27,$2'600'000.00
Daniel Winnik,1985,74,206,LW,72,12,13,15,49,$1'800'000.00
Luke Witkowski,1990,74,217,D,34,0,4,-1,39,$575'000.00
Miles Wood,1995,74,195,LW,60,8,9,-21,86,$925'000.00
Tyler Wotherspoon,1993,74,207,D,4,0,0,-2,0,$625'000.00
Nail Yakupov,1993,71,195,RW,40,3,6,-3,14,$2'500'000.00
Keith Yandle,1986,73,196,D,82,5,36,-6,39,$7'500'000.00
Pavel Zacha,1997,75,210,C,70,8,16,-17,19,$925'000.00
Nikita Zadorov,1995,77,230,D,56,0,10,-20,73,$832'500.00
Nikita Zaitsev,1991,74,195,D,82,4,32,-22,38,$925'000.00
Travis Zajac,1985,74,185,C,80,14,31,-8,33,$6'500'000.00
Michael Zalewski,1992,74,205,LW,1,0,0,-1,0,$632'500.00
Henrik Zetterberg,1980,72,197,LW,82,17,51,15,22,$7'500'000.00
Mika Zibanejad,1993,74,215,C,56,14,23,9,16,$3'250'000.00
Harry Zolnierczyk,1987,71,180,LW,24,2,2,-2,10,$575'000.00
Mats Zuccarello,1987,67,179,RW,80,15,44,15,26,$4'500'000.00
Jason Zucker,1992,71,187,LW,79,22,25,34,30,$2'000'000.00
Valentin Zykov,1995,73,224,LW,2,1,0,1,0,$727'500.00
